city,amount
深圳,514.9624806533375
杭州,294.7992603632639
深圳,592.5671997968047
,599.7705595889503
北京,224.27339077377283
杭州,518.5008480222241
北京,554.5660038870712
北京,2.179440952796985
北京,100
上海,250
北京,300
,88.5
上海,
北京,60
杭州,999
深圳,120
深圳,abc
深圳,45.5
,
上海,50
杭州,
北京,300
深圳,210
杭州,976.2912466927424
,69.71545153175907
深圳,
杭州,976.5397581677992
深圳,431.26303288886714
 ,744.6861384748656
 ,241.03504388909457
杭州,45.023330874620186
,406.0968575241914
 ,340.29420179832084
深圳,514.9624806533375
杭州,294.7992603632639
深圳,592.5671997968047
,599.7705595889503
北京,224.27339077377283
杭州,518.5008480222241
北京,554.5660038870712
北京,2.179440952796985
